<?xml version="1.0"?>
<!--Phoronix Test Suite v8.6.0-->
<PhoronixTestSuite>
  <Generated>
    <Title>redis_</Title>
    <LastModified>2019-02-09 16:23:12</LastModified>
    <TestClient>Phoronix Test Suite v8.6.0 (Spydeberg)</TestClient>
    <Description>Intel Celeron N3050 testing with a HP 82A9 v04.20 (F.10 BIOS) and Intel HD 400 2GB on Debian 9.5 via the Phoronix Test Suite.</Description>
  </Generated>
  <System>
    <Identifier>redis_</Identifier>
    <Hardware>Processor: Intel Celeron N3050 @ 2.16GHz (2 Cores), Motherboard: HP 82A9 v04.20 (F.10 BIOS), Chipset: Intel Atom/Celeron/Pentium, Memory: 4096MB, Disk: 31GB DF4032, Graphics: Intel HD 400 2GB (600MHz), Audio: Realtek ALC3227, Network: Intel 7265</Hardware>
    <Software>OS: Debian 9.5, Kernel: 4.9.0-7-amd64 (x86_64), Desktop: GNOME Shell 3.22.3, Display Server: X Server 1.19.2, Display Driver: modesetting 1.19.2, OpenGL: 4.5 Mesa 13.0.6, Compiler: GCC 6.3.0 20170516, File-System: ext4, Screen Resolution: 1366x768</Software>
    <User>ramses</User>
    <TimeStamp>2019-02-09 16:18:50</TimeStamp>
    <TestClientVersion>8.6.0</TestClientVersion>
    <Notes></Notes>
    <JSON>{"compiler-configuration":"--build=x86_64-linux-gnu --disable-browser-plugin --disable-vtable-verify --enable-checking=release --enable-clocale=gnu --enable-default-pie --enable-gnu-unique-object --enable-gtk-cairo --enable-java-awt=gtk --enable-java-home --enable-languages=c,ada,c++,java,go,d,fortran,objc,obj-c++ --enable-libmpx --enable-libstdcxx-debug --enable-libstdcxx-time=yes --enable-multiarch --enable-multilib --enable-nls --enable-objc-gc=auto --enable-plugin --enable-shared --enable-threads=posix --host=x86_64-linux-gnu --program-prefix=x86_64-linux-gnu- --target=x86_64-linux-gnu --with-abi=m64 --with-arch-32=i686 --with-arch-directory=amd64 --with-default-libstdcxx-abi=new --with-multilib-list=m32,m64,mx32 --with-target-system-zlib --with-tune=generic -v","cpu-scaling-governor":"intel_pstate powersave","security":"KPTI + __user pointer sanitization + Full generic retpoline"}</JSON>
  </System>
  <Result>
    <Identifier>pts/redis-1.1.0</Identifier>
    <Title>Redis</Title>
    <AppVersion>4.0.8</AppVersion>
    <Arguments>-t lpop</Arguments>
    <Description>Test: LPOP</Description>
    <Scale>Requests Per Second</Scale>
    <Proportion>HIB</Proportion>
    <DisplayFormat>BAR_GRAPH</DisplayFormat>
    <Data>
      <Entry>
        <Identifier>redis_</Identifier>
        <Value>498343</Value>
        <RawString>496524.34:498753.09:499750.16</RawString>
        <JSON>{"compiler-options":{"compiler-type":"CC","compiler":"gcc","compiler-options":"-ggdb -rdynamic -lm -ldl -pthread"},"test-run-times":"12.11:12.11:12.11"}</JSON>
      </Entry>
    </Data>
  </Result>
  <Result>
    <Identifier>pts/redis-1.1.0</Identifier>
    <Title>Redis</Title>
    <AppVersion>4.0.8</AppVersion>
    <Arguments>-t sadd</Arguments>
    <Description>Test: SADD</Description>
    <Scale>Requests Per Second</Scale>
    <Proportion>HIB</Proportion>
    <DisplayFormat>BAR_GRAPH</DisplayFormat>
    <Data>
      <Entry>
        <Identifier>redis_</Identifier>
        <Value>384914</Value>
        <RawString>395569.59:377928.97:381242.88</RawString>
        <JSON>{"compiler-options":{"compiler-type":"CC","compiler":"gcc","compiler-options":"-ggdb -rdynamic -lm -ldl -pthread"},"test-run-times":"12.61:12.72:12.72"}</JSON>
      </Entry>
    </Data>
  </Result>
  <Result>
    <Identifier>pts/redis-1.1.0</Identifier>
    <Title>Redis</Title>
    <AppVersion>4.0.8</AppVersion>
    <Arguments>-t lpush</Arguments>
    <Description>Test: LPUSH</Description>
    <Scale>Requests Per Second</Scale>
    <Proportion>HIB</Proportion>
    <DisplayFormat>BAR_GRAPH</DisplayFormat>
    <Data>
      <Entry>
        <Identifier>redis_</Identifier>
        <Value>288828</Value>
        <RawString>284657:291970.81:289855.06</RawString>
        <JSON>{"compiler-options":{"compiler-type":"CC","compiler":"gcc","compiler-options":"-ggdb -rdynamic -lm -ldl -pthread"},"test-run-times":"13.69:13.63:13.65"}</JSON>
      </Entry>
    </Data>
  </Result>
  <Result>
    <Identifier>pts/redis-1.1.0</Identifier>
    <Title>Redis</Title>
    <AppVersion>4.0.8</AppVersion>
    <Arguments>-t get</Arguments>
    <Description>Test: GET</Description>
    <Scale>Requests Per Second</Scale>
    <Proportion>HIB</Proportion>
    <DisplayFormat>BAR_GRAPH</DisplayFormat>
    <Data>
      <Entry>
        <Identifier>redis_</Identifier>
        <Value>465320</Value>
        <RawString>471031.59:454338.94:470588.25</RawString>
        <JSON>{"compiler-options":{"compiler-type":"CC","compiler":"gcc","compiler-options":"-ggdb -rdynamic -lm -ldl -pthread"},"test-run-times":"12.33:12.42:12.32"}</JSON>
      </Entry>
    </Data>
  </Result>
  <Result>
    <Identifier>pts/redis-1.1.0</Identifier>
    <Title>Redis</Title>
    <AppVersion>4.0.8</AppVersion>
    <Arguments>-t set</Arguments>
    <Description>Test: SET</Description>
    <Scale>Requests Per Second</Scale>
    <Proportion>HIB</Proportion>
    <DisplayFormat>BAR_GRAPH</DisplayFormat>
    <Data>
      <Entry>
        <Identifier>redis_</Identifier>
        <Value>339528</Value>
        <RawString>340367.59:340947.81:337268.12</RawString>
        <JSON>{"compiler-options":{"compiler-type":"CC","compiler":"gcc","compiler-options":"-ggdb -rdynamic -lm -ldl -pthread"},"test-run-times":"13.14:13.15:13.15"}</JSON>
      </Entry>
    </Data>
  </Result>
</PhoronixTestSuite>
