<?xml version="1.0"?>
<!--Phoronix Test Suite v8.6.0-->
<PhoronixTestSuite>
  <Generated>
    <Title>mafft_</Title>
    <LastModified>2019-02-09 16:28:40</LastModified>
    <TestClient>Phoronix Test Suite v8.6.0 (Spydeberg)</TestClient>
    <Description>Intel Celeron N3050 testing with a HP 82A9 v04.20 (F.10 BIOS) and Intel HD 400 2GB on Debian 9.5 via the Phoronix Test Suite.</Description>
  </Generated>
  <System>
    <Identifier>mafft_</Identifier>
    <Hardware>Processor: Intel Celeron N3050 @ 2.16GHz (2 Cores), Motherboard: HP 82A9 v04.20 (F.10 BIOS), Chipset: Intel Atom/Celeron/Pentium, Memory: 4096MB, Disk: 31GB DF4032, Graphics: Intel HD 400 2GB (600MHz), Audio: Realtek ALC3227, Network: Intel 7265</Hardware>
    <Software>OS: Debian 9.5, Kernel: 4.9.0-7-amd64 (x86_64), Desktop: GNOME Shell 3.22.3, Display Server: X Server 1.19.2, Display Driver: modesetting 1.19.2, OpenGL: 4.5 Mesa 13.0.6, Compiler: GCC 6.3.0 20170516, File-System: ext4, Screen Resolution: 1366x768</Software>
    <User>ramses</User>
    <TimeStamp>2019-02-09 16:26:47</TimeStamp>
    <TestClientVersion>8.6.0</TestClientVersion>
    <Notes></Notes>
    <JSON>{"compiler-configuration":"--build=x86_64-linux-gnu --disable-browser-plugin --disable-vtable-verify --enable-checking=release --enable-clocale=gnu --enable-default-pie --enable-gnu-unique-object --enable-gtk-cairo --enable-java-awt=gtk --enable-java-home --enable-languages=c,ada,c++,java,go,d,fortran,objc,obj-c++ --enable-libmpx --enable-libstdcxx-debug --enable-libstdcxx-time=yes --enable-multiarch --enable-multilib --enable-nls --enable-objc-gc=auto --enable-plugin --enable-shared --enable-threads=posix --host=x86_64-linux-gnu --program-prefix=x86_64-linux-gnu- --target=x86_64-linux-gnu --with-abi=m64 --with-arch-32=i686 --with-arch-directory=amd64 --with-default-libstdcxx-abi=new --with-multilib-list=m32,m64,mx32 --with-target-system-zlib --with-tune=generic -v","cpu-scaling-governor":"intel_pstate powersave","security":"KPTI + __user pointer sanitization + Full generic retpoline"}</JSON>
  </System>
  <Result>
    <Identifier>pts/mafft-1.5.0</Identifier>
    <Title>Timed MAFFT Alignment</Title>
    <AppVersion>7.392</AppVersion>
    <Arguments></Arguments>
    <Description>Multiple Sequence Alignment</Description>
    <Scale>Seconds</Scale>
    <Proportion>LIB</Proportion>
    <DisplayFormat>BAR_GRAPH</DisplayFormat>
    <Data>
      <Entry>
        <Identifier>mafft_</Identifier>
        <Value>30.46</Value>
        <RawString>30.458188056946:30.5615670681:30.357314825058</RawString>
        <JSON>{"compiler-options":{"compiler-type":"CC","compiler":"gcc","compiler-options":"-std=c99 -O3 -lm -lpthread"},"test-run-times":"30.46:30.56:30.36"}</JSON>
      </Entry>
    </Data>
  </Result>
</PhoronixTestSuite>
